title,price,area,km,year,date,link
Mitsubishi Attrage 2018 Xanh 87.000 km,255.000.000 đ,Huyện Hóc Môn,N/A,N/A,2026-03-29 13:50:59,https://xe.chotot.com/ad/130976239.htm
🔥XE MÁY ĐIỆN CŨ : Vespa DK  👉 .Giá: 7tr900   Xe đẹ,7.900.000 đ,Thành phố Thủ Đức,N/A,N/A,2026-03-29 13:50:39,https://xe.chotot.com/ad/131350560.htm
xe bán,48.800.000 đ,Thành phố Thủ Đức,N/A,N/A,2026-03-29 13:50:18,https://xe.chotot.com/ad/131498380.htm
Xe đạp đua Cannondale Carbon Mỹ,30.000.000 đ,Quận Tân Bình,N/A,N/A,2026-03-29 13:50:09,https://xe.chotot.com/ad/129765638.htm
Toyota Raize 2024 1.0 Turbo 40.000km,481.000.000 đ,Quận Bình Thạnh,N/A,N/A,2026-03-29 13:49:53,https://xe.chotot.com/ad/131246414.htm
Vision 2021 bstp khóa smkey Mới 99% như Xe mới,26.800.000 đ,Quận 3,N/A,N/A,2026-03-29 13:49:33,https://xe.chotot.com/ad/131217268.htm
xe đạp điện v1 plus,8.500.000 đ,Quận Tân Bình,N/A,N/A,2026-03-29 13:48:41,https://xe.chotot.com/ad/131498335.htm
JAC N650 2022 6t6,11.111.111 đ,Huyện Bình Chánh,N/A,N/A,2026-03-29 13:48:22,https://xe.chotot.com/ad/131165721.htm
Xe đạp điện Giant 133 Đen,3.500.000 đ,Quận Tân Phú,N/A,N/A,2026-03-29 13:47:47,https://xe.chotot.com/ad/131439131.htm
Hyundai Accent 2022 1.4 AT - 33000 km,398.000.000 đ,Quận Bình Tân,N/A,N/A,2026-03-29 13:46:14,https://xe.chotot.com/ad/131498276.htm
Honda Dream lùn 1996 màu đen.,27.500.000 đ,Quận 7,N/A,N/A,2026-03-29 13:45:43,https://xe.chotot.com/ad/131498259.htm
Xe đạp Gary Fisher Wahoo 1996,7.900.000 đ,Thành phố Thủ Đức,N/A,N/A,2026-03-29 13:45:07,https://xe.chotot.com/ad/131498244.htm
Honda Air Blade 2012 Đen Đã sử dụng,12.500.000 đ,Quận Tân Phú,N/A,N/A,2026-03-29 13:45:05,https://xe.chotot.com/ad/130887053.htm
Honda Winner V1 2017 Sport Trắng xanh,19.000.000 đ,Quận Bình Thạnh,N/A,N/A,2026-03-29 13:44:57,https://xe.chotot.com/ad/131498237.htm
Honda Wave Blade mâm đĩa biển tp chính chủ,13.800.000 đ,Quận Bình Thạnh,N/A,N/A,2026-03-29 13:44:30,https://xe.chotot.com/ad/131438512.htm
Piaggio Vespa Primavera S125 Xanh Bluecapri,70.000.000 đ,Huyện Nhà Bè,N/A,N/A,2026-03-29 13:44:27,https://xe.chotot.com/ad/131498228.htm
Honda Air Blade chính chủ. hỗ trợ góp,9.800.000 đ,Thành phố Thủ Đức,N/A,N/A,2026-03-29 13:44:21,https://xe.chotot.com/ad/131498226.htm
HONDA WAVE ALPHA máy rất êm giấy tờ đầy đủ,6.999.000 đ,Quận Bình Tân,N/A,N/A,2026-03-29 13:44:15,https://xe.chotot.com/ad/128498574.htm
Honda Vision 2016 cccd chủ,16.500.000 đ,Thành phố Thủ Đức,N/A,N/A,2026-03-29 13:43:19,https://xe.chotot.com/ad/131498206.htm
❎🌀 YAMAHA R15V4 R15M NEW 100% RẺ HƠN HÃNG 15TR,67.800.000 đ,Thành phố Thủ Đức,N/A,N/A,2026-03-29 13:43:14,https://xe.chotot.com/ad/130552273.htm
GPX Gentleman 200 biển số 43 chính chủ,25.500.000 đ,Huyện Bình Chánh,N/A,N/A,2026-03-29 13:43:04,https://xe.chotot.com/ad/131224211.htm
Cayenne Coupe Model 2023 màu trắng nt đỏ siêu đẹp,4.789.000.000 đ,Quận 7,N/A,N/A,2026-03-29 13:42:48,https://xe.chotot.com/ad/127130458.htm
nồi lead125 zin đẹp.bao lướt,850.000 đ,Quận 11,N/A,N/A,2026-03-29 13:42:41,https://xe.chotot.com/ad/131498192.htm
Daewoo Lanos 2003 Đỏ,32.800.000 đ,Huyện Bình Chánh,N/A,N/A,2026-03-29 13:42:08,https://xe.chotot.com/ad/131436123.htm
Yamaha MT-15 bs66,47.800.000 đ,Quận Bình Tân,N/A,N/A,2026-03-29 13:41:49,https://xe.chotot.com/ad/131498177.htm
Honda Lead 125 2020 Đen,28.800.000 đ,Huyện Bình Chánh,N/A,N/A,2026-03-29 13:41:13,https://xe.chotot.com/ad/131498166.htm
nhà dư dùng bán bớt xe Honda Lead Fi,5.900.000 đ,Quận Bình Thạnh,N/A,N/A,2026-03-29 13:40:12,https://xe.chotot.com/ad/131350198.htm
Sedona Model 2020 DATH 2.2D đi ít nhất VN,785.000.000 đ,Quận Tân Phú,N/A,N/A,2026-03-29 13:39:57,https://xe.chotot.com/ad/131302998.htm
Honda ab 110..bstp....máy zin êm.. gtdd..như hình,6.800.000 đ,Thành phố Thủ Đức,N/A,N/A,2026-03-29 13:39:46,https://xe.chotot.com/ad/128934340.htm
Mercedes-Benz Sprinter 313 2010,195.000.000 đ,Quận Gò Vấp,N/A,N/A,2026-03-29 13:39:31,https://xe.chotot.com/ad/131479163.htm
