title,price,year,km,url,scraped_date
N/A,N/A,N/A,N/A,N/A,3/29/2026 2:23
N/A,17,N/A,N/A,N/A,3/29/2026 2:23
N/A,11,N/A,N/A,N/A,3/29/2026 2:23
N/A,15,N/A,N/A,N/A,3/29/2026 2:23
N/A,4 giờ trước,N/A,N/A,N/A,3/29/2026 2:23
N/A,2,N/A,N/A,N/A,3/29/2026 2:23
N/A,7 giờ trước,N/A,N/A,N/A,3/29/2026 2:23
N/A,7 giờ trước,N/A,N/A,N/A,3/29/2026 2:23
N/A,2,N/A,N/A,N/A,3/29/2026 2:23
N/A,7 giờ trước,N/A,N/A,N/A,3/29/2026 2:23
N/A,7 giờ trước,N/A,N/A,N/A,3/29/2026 2:23
N/A,8 giờ trước,N/A,N/A,N/A,3/29/2026 2:23
N/A,8 giờ trước,N/A,N/A,N/A,3/29/2026 2:23
N/A,8 giờ trước,N/A,N/A,N/A,3/29/2026 2:23
N/A,9 giờ trước,N/A,N/A,N/A,3/29/2026 2:23
N/A,9 giờ trước,N/A,N/A,N/A,3/29/2026 2:23
N/A,9 giờ trước,N/A,N/A,N/A,3/29/2026 2:23
N/A,9 giờ trước,N/A,N/A,N/A,3/29/2026 2:23
N/A,9 giờ trước,N/A,N/A,N/A,3/29/2026 2:23
N/A,9 giờ trước,N/A,N/A,N/A,3/29/2026 2:23
N/A,10 giờ trước,N/A,N/A,N/A,3/29/2026 2:23
N/A,10 giờ trước,N/A,N/A,N/A,3/29/2026 2:23
N/A,10 giờ trước,N/A,N/A,N/A,3/29/2026 2:23
N/A,10 giờ trước,N/A,N/A,N/A,3/29/2026 2:23
N/A,N/A,N/A,N/A,N/A,3/29/2026 2:23
N/A,N/A,N/A,N/A,N/A,3/29/2026 2:23
N/A,17,N/A,N/A,N/A,3/29/2026 2:23
N/A,4,N/A,N/A,N/A,3/29/2026 2:23
N/A,10 giờ trước,N/A,N/A,N/A,3/29/2026 2:23
N/A,10 giờ trước,N/A,N/A,N/A,3/29/2026 2:23
N/A,10 giờ trước,N/A,N/A,N/A,3/29/2026 2:23
N/A,11 giờ trước,N/A,N/A,N/A,3/29/2026 2:23
N/A,11 giờ trước,N/A,N/A,N/A,3/29/2026 2:23
N/A,11 giờ trước,N/A,N/A,N/A,3/29/2026 2:23
N/A,11 giờ trước,N/A,N/A,N/A,3/29/2026 2:23
N/A,11 giờ trước,N/A,N/A,N/A,3/29/2026 2:23
N/A,11 giờ trước,N/A,N/A,N/A,3/29/2026 2:23
N/A,11 giờ trước,N/A,N/A,N/A,3/29/2026 2:23
N/A,11 giờ trước,N/A,N/A,N/A,3/29/2026 2:23
N/A,11 giờ trước,N/A,N/A,N/A,3/29/2026 2:23
N/A,12 giờ trước,N/A,N/A,N/A,3/29/2026 2:23
N/A,12 giờ trước,N/A,N/A,N/A,3/29/2026 2:23
N/A,12 giờ trước,N/A,N/A,N/A,3/29/2026 2:23
N/A,12 giờ trước,N/A,N/A,N/A,3/29/2026 2:23
N/A,12 giờ trước,N/A,N/A,N/A,3/29/2026 2:23
N/A,13 giờ trước,N/A,N/A,N/A,3/29/2026 2:23
N/A,13 giờ trước,N/A,N/A,N/A,3/29/2026 2:23
N/A,13 giờ trước,N/A,N/A,N/A,3/29/2026 2:23
N/A,N/A,N/A,N/A,N/A,3/29/2026 2:23
N/A,N/A,N/A,N/A,N/A,3/29/2026 2:23
N/A,N/A,N/A,N/A,N/A,3/29/2026 2:23
N/A,14 giờ trước,N/A,N/A,N/A,3/29/2026 2:23
N/A,14 giờ trước,N/A,N/A,N/A,3/29/2026 2:23
N/A,14 giờ trước,N/A,N/A,N/A,3/29/2026 2:23
N/A,14 giờ trước,N/A,N/A,N/A,3/29/2026 2:23
N/A,2,N/A,N/A,N/A,3/29/2026 2:23
N/A,14 giờ trước,N/A,N/A,N/A,3/29/2026 2:23
N/A,15 giờ trước,N/A,N/A,N/A,3/29/2026 2:23
N/A,15 giờ trước,N/A,N/A,N/A,3/29/2026 2:23
N/A,15 giờ trước,N/A,N/A,N/A,3/29/2026 2:23
N/A,15 giờ trước,N/A,N/A,N/A,3/29/2026 2:23
N/A,15 giờ trước,N/A,N/A,N/A,3/29/2026 2:23
N/A,15 giờ trước,N/A,N/A,N/A,3/29/2026 2:23
N/A,2,N/A,N/A,N/A,3/29/2026 2:23
N/A,15 giờ trước,N/A,N/A,N/A,3/29/2026 2:23
N/A,15 giờ trước,N/A,N/A,N/A,3/29/2026 2:23
N/A,15 giờ trước,N/A,N/A,N/A,3/29/2026 2:23
N/A,16 giờ trước,N/A,N/A,N/A,3/29/2026 2:23
N/A,16 giờ trước,N/A,N/A,N/A,3/29/2026 2:23
N/A,16 giờ trước,N/A,N/A,N/A,3/29/2026 2:23
N/A,16 giờ trước,N/A,N/A,N/A,3/29/2026 2:23
N/A,N/A,N/A,N/A,N/A,3/29/2026 2:23
N/A,N/A,N/A,N/A,N/A,3/29/2026 2:23
N/A,Giá dưới 200 triệu,N/A,N/A,N/A,3/29/2026 2:23
N/A,Giá 200 triệu - 300 triệu,N/A,N/A,N/A,3/29/2026 2:23
N/A,N/A,N/A,N/A,N/A,3/29/2026 2:23
N/A,16 giờ trước,N/A,N/A,N/A,3/29/2026 2:23
N/A,16 giờ trước,N/A,N/A,N/A,3/29/2026 2:23
N/A,17 giờ trước,N/A,N/A,N/A,3/29/2026 2:23
N/A,17 giờ trước,N/A,N/A,N/A,3/29/2026 2:23
N/A,17 giờ trước,N/A,N/A,N/A,3/29/2026 2:23
N/A,17 giờ trước,N/A,N/A,N/A,3/29/2026 2:23
N/A,17 giờ trước,N/A,N/A,N/A,3/29/2026 2:23
N/A,17 giờ trước,N/A,N/A,N/A,3/29/2026 2:23
N/A,17 giờ trước,N/A,N/A,N/A,3/29/2026 2:23
N/A,17 giờ trước,N/A,N/A,N/A,3/29/2026 2:23
N/A,18 giờ trước,N/A,N/A,N/A,3/29/2026 2:23
N/A,18 giờ trước,N/A,N/A,N/A,3/29/2026 2:23
N/A,18 giờ trước,N/A,N/A,N/A,3/29/2026 2:23
N/A,18 giờ trước,N/A,N/A,N/A,3/29/2026 2:23
N/A,18 giờ trước,N/A,N/A,N/A,3/29/2026 2:23
N/A,18 giờ trước,N/A,N/A,N/A,3/29/2026 2:23
N/A,18 giờ trước,N/A,N/A,N/A,3/29/2026 2:23
N/A,18 giờ trước,N/A,N/A,N/A,3/29/2026 2:23
N/A,19 giờ trước,N/A,N/A,N/A,3/29/2026 2:23
N/A,19 giờ trước,N/A,N/A,N/A,3/29/2026 2:23
N/A,N/A,N/A,N/A,N/A,3/29/2026 2:23
N/A,N/A,N/A,N/A,N/A,3/29/2026 2:23
N/A,Giá dưới 200 triệu,N/A,N/A,N/A,3/29/2026 2:23
N/A,Giá 200 triệu - 300 triệu,N/A,N/A,N/A,3/29/2026 2:23
N/A,N/A,N/A,N/A,N/A,3/29/2026 2:23
N/A,19 giờ trước,N/A,N/A,N/A,3/29/2026 2:23
N/A,19 giờ trước,N/A,N/A,N/A,3/29/2026 2:23
N/A,11,N/A,N/A,N/A,3/29/2026 2:23
N/A,14,N/A,N/A,N/A,3/29/2026 2:23
N/A,2,N/A,N/A,N/A,3/29/2026 2:23
N/A,7,N/A,N/A,N/A,3/29/2026 2:23
N/A,5,N/A,N/A,N/A,3/29/2026 2:23
N/A,12,N/A,N/A,N/A,3/29/2026 2:23
N/A,14,N/A,N/A,N/A,3/29/2026 2:23
N/A,12,N/A,N/A,N/A,3/29/2026 2:23
N/A,20,N/A,N/A,N/A,3/29/2026 2:23
N/A,20,N/A,N/A,N/A,3/29/2026 2:23
N/A,14,N/A,N/A,N/A,3/29/2026 2:23
N/A,12,N/A,N/A,N/A,3/29/2026 2:23
N/A,17,N/A,N/A,N/A,3/29/2026 2:23
N/A,20,N/A,N/A,N/A,3/29/2026 2:23
N/A,3,N/A,N/A,N/A,3/29/2026 2:23
N/A,20,N/A,N/A,N/A,3/29/2026 2:23
N/A,19,N/A,N/A,N/A,3/29/2026 2:23
N/A,20,N/A,N/A,N/A,3/29/2026 2:23
N/A,N/A,N/A,N/A,N/A,3/29/2026 2:23
N/A,N/A,N/A,N/A,N/A,3/29/2026 2:23
N/A,Giá dưới 200 triệu,N/A,N/A,N/A,3/29/2026 2:23
N/A,Giá 200 triệu - 300 triệu,N/A,N/A,N/A,3/29/2026 2:23
N/A,N/A,N/A,N/A,N/A,3/29/2026 2:23
N/A,10,N/A,N/A,N/A,3/29/2026 2:23
N/A,20,N/A,N/A,N/A,3/29/2026 2:23
N/A,11,N/A,N/A,N/A,3/29/2026 2:23
N/A,1,N/A,N/A,N/A,3/29/2026 2:23
N/A,18,N/A,N/A,N/A,3/29/2026 2:23
N/A,20,N/A,N/A,N/A,3/29/2026 2:23
N/A,19,N/A,N/A,N/A,3/29/2026 2:23
N/A,10,N/A,N/A,N/A,3/29/2026 2:23
N/A,2,N/A,N/A,N/A,3/29/2026 2:23
N/A,17,N/A,N/A,N/A,3/29/2026 2:23
N/A,7,N/A,N/A,N/A,3/29/2026 2:23
N/A,20,N/A,N/A,N/A,3/29/2026 2:23
N/A,3,N/A,N/A,N/A,3/29/2026 2:23
N/A,18,N/A,N/A,N/A,3/29/2026 2:23
N/A,4,N/A,N/A,N/A,3/29/2026 2:23
N/A,7,N/A,N/A,N/A,3/29/2026 2:23
N/A,2,N/A,N/A,N/A,3/29/2026 2:23
N/A,10,N/A,N/A,N/A,3/29/2026 2:23
N/A,8,N/A,N/A,N/A,3/29/2026 2:23
N/A,1,N/A,N/A,N/A,3/29/2026 2:23
N/A,N/A,N/A,N/A,N/A,3/29/2026 2:23
N/A,N/A,N/A,N/A,N/A,3/29/2026 2:23
N/A,Giá dưới 200 triệu,N/A,N/A,N/A,3/29/2026 2:23
N/A,Giá 200 triệu - 300 triệu,N/A,N/A,N/A,3/29/2026 2:23
N/A,N/A,N/A,N/A,N/A,3/29/2026 2:23
N/A,6,N/A,N/A,N/A,3/29/2026 2:23
N/A,20,N/A,N/A,N/A,3/29/2026 2:23
N/A,6,N/A,N/A,N/A,3/29/2026 2:23
N/A,2 ngày trước,N/A,N/A,N/A,3/29/2026 2:23
N/A,2 ngày trước,N/A,N/A,N/A,3/29/2026 2:23
N/A,2 ngày trước,N/A,N/A,N/A,3/29/2026 2:23
N/A,2 ngày trước,N/A,N/A,N/A,3/29/2026 2:23
N/A,2 ngày trước,N/A,N/A,N/A,3/29/2026 2:23
N/A,2 ngày trước,N/A,N/A,N/A,3/29/2026 2:23
N/A,2 ngày trước,N/A,N/A,N/A,3/29/2026 2:23
N/A,2 ngày trước,N/A,N/A,N/A,3/29/2026 2:23
N/A,2 ngày trước,N/A,N/A,N/A,3/29/2026 2:23
N/A,2 ngày trước,N/A,N/A,N/A,3/29/2026 2:23
N/A,2 ngày trước,N/A,N/A,N/A,3/29/2026 2:23
N/A,2 ngày trước,N/A,N/A,N/A,3/29/2026 2:23
N/A,2 ngày trước,N/A,N/A,N/A,3/29/2026 2:23
N/A,2 ngày trước,N/A,N/A,N/A,3/29/2026 2:23
N/A,2 ngày trước,N/A,N/A,N/A,3/29/2026 2:23
N/A,2 ngày trước,N/A,N/A,N/A,3/29/2026 2:23
N/A,2 ngày trước,N/A,N/A,N/A,3/29/2026 2:23
N/A,N/A,N/A,N/A,N/A,3/29/2026 2:23
N/A,N/A,N/A,N/A,N/A,3/29/2026 2:23
N/A,Giá dưới 200 triệu,N/A,N/A,N/A,3/29/2026 2:23
N/A,Giá 200 triệu - 300 triệu,N/A,N/A,N/A,3/29/2026 2:23
N/A,N/A,N/A,N/A,N/A,3/29/2026 2:23
N/A,2 ngày trước,N/A,N/A,N/A,3/29/2026 2:23
N/A,2 ngày trước,N/A,N/A,N/A,3/29/2026 2:23
N/A,2 ngày trước,N/A,N/A,N/A,3/29/2026 2:23
N/A,3 ngày trước,N/A,N/A,N/A,3/29/2026 2:23
N/A,3 ngày trước,N/A,N/A,N/A,3/29/2026 2:23
N/A,3 ngày trước,N/A,N/A,N/A,3/29/2026 2:23
N/A,3 ngày trước,N/A,N/A,N/A,3/29/2026 2:23
N/A,3 ngày trước,N/A,N/A,N/A,3/29/2026 2:23
N/A,3 ngày trước,N/A,N/A,N/A,3/29/2026 2:23
N/A,3 ngày trước,N/A,N/A,N/A,3/29/2026 2:23
N/A,3 ngày trước,N/A,N/A,N/A,3/29/2026 2:23
N/A,3 ngày trước,N/A,N/A,N/A,3/29/2026 2:23
N/A,3 ngày trước,N/A,N/A,N/A,3/29/2026 2:23
N/A,3 ngày trước,N/A,N/A,N/A,3/29/2026 2:23
N/A,3 ngày trước,N/A,N/A,N/A,3/29/2026 2:23
N/A,3 ngày trước,N/A,N/A,N/A,3/29/2026 2:23
N/A,3 ngày trước,N/A,N/A,N/A,3/29/2026 2:23
N/A,3 ngày trước,N/A,N/A,N/A,3/29/2026 2:23
N/A,3 ngày trước,N/A,N/A,N/A,3/29/2026 2:23
N/A,3 ngày trước,N/A,N/A,N/A,3/29/2026 2:23
N/A,N/A,N/A,N/A,N/A,3/29/2026 2:23
N/A,N/A,N/A,N/A,N/A,3/29/2026 2:23
N/A,Giá dưới 200 triệu,N/A,N/A,N/A,3/29/2026 2:23
N/A,Giá 200 triệu - 300 triệu,N/A,N/A,N/A,3/29/2026 2:23
N/A,N/A,N/A,N/A,N/A,3/29/2026 2:23
N/A,3 ngày trước,N/A,N/A,N/A,3/29/2026 2:23
N/A,3 ngày trước,N/A,N/A,N/A,3/29/2026 2:23
N/A,3 ngày trước,N/A,N/A,N/A,3/29/2026 2:23
N/A,3 ngày trước,N/A,N/A,N/A,3/29/2026 2:23
N/A,3 ngày trước,N/A,N/A,N/A,3/29/2026 2:23
N/A,3 ngày trước,N/A,N/A,N/A,3/29/2026 2:23
N/A,3 ngày trước,N/A,N/A,N/A,3/29/2026 2:23
N/A,3 ngày trước,N/A,N/A,N/A,3/29/2026 2:23
N/A,3 ngày trước,N/A,N/A,N/A,3/29/2026 2:23
N/A,3 ngày trước,N/A,N/A,N/A,3/29/2026 2:23
N/A,3 ngày trước,N/A,N/A,N/A,3/29/2026 2:23
N/A,3 ngày trước,N/A,N/A,N/A,3/29/2026 2:23
N/A,3 ngày trước,N/A,N/A,N/A,3/29/2026 2:23
N/A,3 ngày trước,N/A,N/A,N/A,3/29/2026 2:23
N/A,3 ngày trước,N/A,N/A,N/A,3/29/2026 2:23
N/A,3 ngày trước,N/A,N/A,N/A,3/29/2026 2:23
N/A,3 ngày trước,N/A,N/A,N/A,3/29/2026 2:23
N/A,3 ngày trước,N/A,N/A,N/A,3/29/2026 2:23
N/A,3 ngày trước,N/A,N/A,N/A,3/29/2026 2:23
N/A,3 ngày trước,N/A,N/A,N/A,3/29/2026 2:23
N/A,N/A,N/A,N/A,N/A,3/29/2026 2:23
N/A,N/A,N/A,N/A,N/A,3/29/2026 2:23
N/A,Giá dưới 200 triệu,N/A,N/A,N/A,3/29/2026 2:23
N/A,Giá 200 triệu - 300 triệu,N/A,N/A,N/A,3/29/2026 2:23
N/A,N/A,N/A,N/A,N/A,3/29/2026 2:23
N/A,3 ngày trước,N/A,N/A,N/A,3/29/2026 2:23
N/A,3 ngày trước,N/A,N/A,N/A,3/29/2026 2:23
N/A,3 ngày trước,N/A,N/A,N/A,3/29/2026 2:23
N/A,4 ngày trước,N/A,N/A,N/A,3/29/2026 2:23
N/A,4 ngày trước,N/A,N/A,N/A,3/29/2026 2:23
N/A,4 ngày trước,N/A,N/A,N/A,3/29/2026 2:23
N/A,4 ngày trước,N/A,N/A,N/A,3/29/2026 2:23
N/A,4 ngày trước,N/A,N/A,N/A,3/29/2026 2:23
N/A,4 ngày trước,N/A,N/A,N/A,3/29/2026 2:23
N/A,4 ngày trước,N/A,N/A,N/A,3/29/2026 2:23
N/A,4 ngày trước,N/A,N/A,N/A,3/29/2026 2:23
N/A,2,N/A,N/A,N/A,3/29/2026 2:23
N/A,4 ngày trước,N/A,N/A,N/A,3/29/2026 2:23
N/A,4 ngày trước,N/A,N/A,N/A,3/29/2026 2:23
N/A,4 ngày trước,N/A,N/A,N/A,3/29/2026 2:23
N/A,4 ngày trước,N/A,N/A,N/A,3/29/2026 2:23
N/A,4 ngày trước,N/A,N/A,N/A,3/29/2026 2:23
N/A,4 ngày trước,N/A,N/A,N/A,3/29/2026 2:23
N/A,4 ngày trước,N/A,N/A,N/A,3/29/2026 2:23
N/A,4 ngày trước,N/A,N/A,N/A,3/29/2026 2:23
N/A,N/A,N/A,N/A,N/A,3/29/2026 2:23
N/A,N/A,N/A,N/A,N/A,3/29/2026 2:23
N/A,Giá dưới 200 triệu,N/A,N/A,N/A,3/29/2026 2:23
N/A,Giá 200 triệu - 300 triệu,N/A,N/A,N/A,3/29/2026 2:23
